index,numbered_file,compound_name,cid,structure_type,canonical_smiles,isomeric_smiles
1,1.sdf,Thymol,6989,3D,CC1=CC(=C(C=C1)C(C)C)O,CC1=CC(=C(C=C1)C(C)C)O
2,2.sdf,Carvacrol,10364,3D,CC1=C(C=C(C=C1)C(C)C)O,CC1=C(C=C(C=C1)C(C)C)O
3,3.sdf,Eugenol,3314,3D,COC1=C(C=CC(=C1)CC=C)O,COC1=C(C=CC(=C1)CC=C)O
4,4.sdf,trans-Cinnamaldehyde,637511,3D,C1=CC=C(C=C1)C=CC=O,C1=CC=C(C=C1)/C=C/C=O
5,5.sdf,Cinnamyl alcohol,5315892,3D,C1=CC=C(C=C1)C=CCO,C1=CC=C(C=C1)/C=C/CO
6,6.sdf,Cinnamic acid,444539,3D,C1=CC=C(C=C1)C=CC(=O)O,C1=CC=C(C=C1)/C=C/C(=O)O
7,7.sdf,Methyl eugenol,7127,3D,COC1=C(C=C(C=C1)CC=C)OC,COC1=C(C=C(C=C1)CC=C)OC
8,8.sdf,Isoeugenol,853433,3D,CC=CC1=CC(=C(C=C1)O)OC,C/C=C/C1=CC(=C(C=C1)O)OC
9,9.sdf,Estragole,8815,3D,COC1=CC=C(C=C1)CC=C,COC1=CC=C(C=C1)CC=C
10,10.sdf,trans-Anethole,637563,3D,CC=CC1=CC=C(C=C1)OC,C/C=C/C1=CC=C(C=C1)OC
11,11.sdf,Chavicol,68148,3D,C=CCC1=CC=C(C=C1)O,C=CCC1=CC=C(C=C1)O
12,12.sdf,Safrole,5144,3D,C=CCC1=CC2=C(C=C1)OCO2,C=CCC1=CC2=C(C=C1)OCO2
13,13.sdf,Methyl cinnamate,637520,3D,COC(=O)C=CC1=CC=CC=C1,COC(=O)/C=C/C1=CC=CC=C1
14,14.sdf,Ethyl cinnamate,637758,3D,CCOC(=O)C=CC1=CC=CC=C1,CCOC(=O)/C=C/C1=CC=CC=C1
15,15.sdf,Limonene,22311,3D,CC1=CCC(CC1)C(=C)C,CC1=CCC(CC1)C(=C)C
16,16.sdf,alpha-Pinene,6654,3D,CC1=CCC2CC1C2(C)C,CC1=CCC2CC1C2(C)C
17,17.sdf,beta-Pinene,14896,3D,CC1(C2CCC(=C)C1C2)C,CC1(C2CCC(=C)C1C2)C
18,18.sdf,Sabinene,18818,3D,CC(C)C12CCC(=C)C1C2,CC(C)C12CCC(=C)C1C2
19,19.sdf,Camphene,6616,3D,CC1(C2CCC(C2)C1=C)C,CC1(C2CCC(C2)C1=C)C
20,20.sdf,beta-Myrcene,31253,3D,CC(=CCCC(=C)C=C)C,CC(=CCCC(=C)C=C)C
21,21.sdf,alpha-Terpinene,7462,3D,CC1=CC=C(CC1)C(C)C,CC1=CC=C(CC1)C(C)C
22,22.sdf,gamma-Terpinene,7461,3D,CC1=CCC(=CC1)C(C)C,CC1=CCC(=CC1)C(C)C
23,23.sdf,p-Cymene,7463,3D,CC1=CC=C(C=C1)C(C)C,CC1=CC=C(C=C1)C(C)C
24,24.sdf,Terpinolene,11463,3D,CC1=CCC(=C(C)C)CC1,CC1=CCC(=C(C)C)CC1
25,25.sdf,delta-3-Carene,26049,3D,CC1=CCC2C(C1)C2(C)C,CC1=CCC2C(C1)C2(C)C
26,26.sdf,alpha-Phellandrene,7460,3D,CC1=CCC(C=C1)C(C)C,CC1=CCC(C=C1)C(C)C
27,27.sdf,beta-Ocimene,18756,3D,CC(=CCC=C(C)C=C)C,CC(=CCC=C(C)C=C)C
28,28.sdf,Linalool,6549,3D,CC(=CCCC(C)(C=C)O)C,CC(=CCCC(C)(C=C)O)C
29,29.sdf,Geraniol,637566,3D,CC(=CCCC(=CCO)C)C,CC(=CCC/C(=C/CO)/C)C
30,30.sdf,Citronellol,8842,3D,CC(CCC=C(C)C)CCO,CC(CCC=C(C)C)CCO
31,31.sdf,alpha-Terpineol,17100,3D,CC1=CCC(CC1)C(C)(C)O,CC1=CCC(CC1)C(C)(C)O
32,32.sdf,Terpinen-4-ol,11230,3D,CC1=CCC(CC1)(C(C)C)O,CC1=CCC(CC1)(C(C)C)O
33,33.sdf,Menthol,1254,3D,CC1CCC(C(C1)O)C(C)C,CC1CCC(C(C1)O)C(C)C
34,34.sdf,Borneol,64685,3D,CC1(C2CCC1(C(C2)O)C)C,CC1(C2CCC1(C(C2)O)C)C
35,35.sdf,Isoborneol,6321405,3D,CC1(C2CCC1(C(C2)O)C)C,C[C@@]12CC[C@@H](C1(C)C)C[C@H]2O
36,36.sdf,Nerol,643820,3D,CC(=CCCC(=CCO)C)C,CC(=CCC/C(=C\CO)/C)C
37,37.sdf,Lavandulol,5464156,3D,CC(=CCC(CO)C(=C)C)C,CC(=CC[C@@H](CO)C(=C)C)C
38,38.sdf,Cuminyl alcohol,325,3D,CC(C)C1=CC=C(C=C1)CO,CC(C)C1=CC=C(C=C1)CO
39,39.sdf,Fenchol,15406,3D,CC1(C2CCC(C2)(C1O)C)C,CC1(C2CCC(C2)(C1O)C)C
40,40.sdf,Perillyl alcohol,10819,3D,CC(=C)C1CCC(=CC1)CO,CC(=C)C1CCC(=CC1)CO
41,41.sdf,Verbenol,61126,3D,CC1=CC(C2CC1C2(C)C)O,CC1=CC(C2CC1C2(C)C)O
42,42.sdf,Citral,638011,3D,CC(=CCCC(=CC=O)C)C,CC(=CCC/C(=C/C=O)/C)C
43,43.sdf,Geranial,638011,3D,CC(=CCCC(=CC=O)C)C,CC(=CCC/C(=C/C=O)/C)C
44,44.sdf,Neral,643779,3D,CC(=CCCC(=CC=O)C)C,CC(=CCC/C(=C\C=O)/C)C
45,45.sdf,Citronellal,7794,3D,CC(CCC=C(C)C)CC=O,CC(CCC=C(C)C)CC=O
46,46.sdf,Perillaldehyde,16441,3D,CC(=C)C1CCC(=CC1)C=O,CC(=C)C1CCC(=CC1)C=O
47,47.sdf,Cuminaldehyde,326,3D,CC(C)C1=CC=C(C=C1)C=O,CC(C)C1=CC=C(C=C1)C=O
48,48.sdf,Menthone,26447,3D,CC1CCC(C(=O)C1)C(C)C,C[C@@H]1CC[C@H](C(=O)C1)C(C)C
49,49.sdf,Isomenthone,6432469,3D,CC1CCC(C(=O)C1)C(C)C,C[C@H]1CC[C@H](C(=O)C1)C(C)C
50,50.sdf,Camphor,2537,3D,CC1(C2CCC1(C(=O)C2)C)C,CC1(C2CCC1(C(=O)C2)C)C
51,51.sdf,Carvone,7439,3D,CC1=CCC(CC1=O)C(=C)C,CC1=CCC(CC1=O)C(=C)C
52,52.sdf,Pulegone,442495,3D,CC1CCC(=C(C)C)C(=O)C1,C[C@@H]1CCC(=C(C)C)C(=O)C1
53,53.sdf,Fenchone,14525,3D,CC1(C2CCC(C2)(C1=O)C)C,CC1(C2CCC(C2)(C1=O)C)C
54,54.sdf,Verbenone,65724,3D,CC1=CC(=O)C2CC1C2(C)C,CC1=CC(=O)[C@@H]2C[C@H]1C2(C)C
55,55.sdf,Linalyl acetate,8294,3D,CC(=CCCC(C)(C=C)OC(=O)C)C,CC(=CCCC(C)(C=C)OC(=O)C)C
56,56.sdf,Geranyl acetate,1549026,3D,CC(=CCCC(=CCOC(=O)C)C)C,CC(=CCC/C(=C/COC(=O)C)/C)C
57,57.sdf,Citronellyl acetate,9017,3D,CC(CCC=C(C)C)CCOC(=O)C,CC(CCC=C(C)C)CCOC(=O)C
58,58.sdf,Bornyl acetate,93009,3D,CC(=O)OC1CC2CCC1(C2(C)C)C,CC(=O)O[C@@H]1C[C@@H]2CC[C@]1(C2(C)C)C
59,59.sdf,alpha-Terpinyl acetate,111037,3D,CC1=CCC(CC1)C(C)(C)OC(=O)C,CC1=CCC(CC1)C(C)(C)OC(=O)C
60,60.sdf,Neryl acetate,1549025,3D,CC(=CCCC(=CCOC(=O)C)C)C,CC(=CCC/C(=C\COC(=O)C)/C)C
61,61.sdf,"1,8-Cineole",2758,3D,CC1(C2CCC(O1)(CC2)C)C,CC1(C2CCC(O1)(CC2)C)C
62,62.sdf,Ascaridole,10545,3D,CC(C)C12CCC(C=C1)(OO2)C,CC(C)C12CCC(C=C1)(OO2)C
63,63.sdf,Rose oxide,27866,3D,CC1CCOC(C1)C=C(C)C,CC1CCOC(C1)C=C(C)C
64,64.sdf,beta-Caryophyllene,5281515,3D,CC1=CCCC(=C)C2CC(C2CC1)(C)C,C/C/1=C\CCC(=C)[C@H]2CC([C@@H]2CC1)(C)C
65,65.sdf,alpha-Humulene,5281520,3D,CC1=CCC(C=CCC(=CCC1)C)(C)C,C/C/1=C\CC(/C=C/C/C(=C/CC1)/C)(C)C
66,66.sdf,Germacrene D,5317570,3D,CC1=CCCC(=C)C=CC(CC1)C(C)C,C/C/1=C\CCC(=C)/C=C/[C@@H](CC1)C(C)C
67,67.sdf,beta-Elemene,6918391,3D,CC(=C)C1CCC(C(C1)C(=C)C)(C)C=C,CC(=C)[C@@H]1CC[C@@]([C@@H](C1)C(=C)C)(C)C=C
68,68.sdf,alpha-Copaene,70678558,2D,CC1=CCC2C3C1C2(CCC3C(C)C)C,CC1=CC[C@H]2[C@H]3C1[C@]2(CC[C@H]3C(C)C)C
69,69.sdf,Valencene,9855795,3D,CC1CCC=C2C1(CC(CC2)C(=C)C)C,C[C@@H]1CCC=C2[C@]1(C[C@@H](CC2)C(=C)C)C
70,70.sdf,beta-Bisabolene,10104370,3D,CC1=CCC(CC1)C(=C)CCC=C(C)C,CC1=CC[C@H](CC1)C(=C)CCC=C(C)C
71,71.sdf,delta-Cadinene,441005,3D,CC1=CC2C(CCC(=C2CC1)C)C(C)C,CC1=C[C@H]2[C@@H](CCC(=C2CC1)C)C(C)C
72,72.sdf,Aromadendrene,11095734,3D,CC1CCC2C1C3C(C3(C)C)CCC2=C,C[C@@H]1CC[C@@H]2[C@@H]1[C@H]3[C@H](C3(C)C)CCC2=C
73,73.sdf,Zingiberene,92776,3D,CC1=CCC(C=C1)C(C)CCC=C(C)C,CC1=CC[C@@H](C=C1)[C@@H](C)CCC=C(C)C
74,74.sdf,Caryophyllene oxide,1742210,3D,CC1(CC2C1CCC3(C(O3)CCC2=C)C)C,C[C@@]12CC[C@@H]3[C@H](CC3(C)C)C(=C)CC[C@H]1O2
75,75.sdf,Farnesol,445070,3D,CC(=CCCC(=CCCC(=CCO)C)C)C,CC(=CCC/C(=C/CC/C(=C/CO)/C)/C)C
76,76.sdf,Nerolidol,5284507,3D,CC(=CCCC(=CCCC(C)(C=C)O)C)C,CC(=CCC/C(=C/CCC(C)(C=C)O)/C)C
77,77.sdf,Spathulenol,92231,3D,CC1(C2C1C3C(CCC3(C)O)C(=C)CC2)C,C[C@@]1(CC[C@@H]2[C@@H]1[C@H]3[C@H](C3(C)C)CCC2=C)O
78,78.sdf,Guaiol,227829,3D,CC1CCC(CC2=C1CCC2C)C(C)(C)O,C[C@H]1CC[C@H](CC2=C1CC[C@@H]2C)C(C)(C)O
79,79.sdf,alpha-Bisabolol,1549992,3D,CC1=CCC(CC1)C(C)(CCC=C(C)C)O,CC1=CC[C@@H](CC1)[C@@](C)(CCC=C(C)C)O
80,80.sdf,Elemol,92138,3D,CC(=C)C1CC(CCC1(C)C=C)C(C)(C)O,CC(=C)[C@@H]1C[C@@H](CC[C@@]1(C)C=C)C(C)(C)O
81,81.sdf,Patchouli alcohol,10955174,3D,CC1CCC2(C(C3CCC2(C1C3)C)(C)C)O,C[C@H]1CC[C@@]2([C@@]3([C@H]1C[C@H](C2(C)C)CC3)C)O
82,82.sdf,o-Methoxycinnamaldehyde,,2D,,
83,83.sdf,p-Methoxycinnamaldehyde,641294,3D,COC1=CC=C(C=C1)C=CC=O,COC1=CC=C(C=C1)/C=C/C=O
84,84.sdf,Cinnamyl acetate,5282110,3D,CC(=O)OCC=CC1=CC=CC=C1,CC(=O)OC/C=C/C1=CC=CC=C1
85,85.sdf,Coumarin,323,3D,C1=CC=C2C(=C1)C=CC(=O)O2,C1=CC=C2C(=C1)C=CC(=O)O2
86,86.sdf,Apiole,10659,3D,COC1=C2C(=C(C(=C1)CC=C)OC)OCO2,COC1=C2C(=C(C(=C1)CC=C)OC)OCO2
87,87.sdf,Myristicin,4276,3D,COC1=CC(=CC2=C1OCO2)CC=C,COC1=CC(=CC2=C1OCO2)CC=C
88,88.sdf,Elemicin,10248,3D,COC1=CC(=CC(=C1OC)OC)CC=C,COC1=CC(=CC(=C1OC)OC)CC=C
89,89.sdf,Thymoquinone,10281,3D,CC1=CC(=O)C(=CC1=O)C(C)C,CC1=CC(=O)C(=CC1=O)C(C)C
90,90.sdf,Chamazulene,10719,3D,CCC1=CC2=C(C=CC2=C(C=C1)C)C,CCC1=CC2=C(C=CC2=C(C=C1)C)C
91,91.sdf,Salicylaldehyde,6998,3D,C1=CC=C(C(=C1)C=O)O,C1=CC=C(C(=C1)C=O)O
92,92.sdf,Benzaldehyde,240,3D,C1=CC=C(C=C1)C=O,C1=CC=C(C=C1)C=O
93,93.sdf,Methyl salicylate,4133,3D,COC(=O)C1=CC=CC=C1O,COC(=O)C1=CC=CC=C1O
94,94.sdf,Vanillin,1183,3D,COC1=C(C=CC(=C1)C=O)O,COC1=C(C=CC(=C1)C=O)O
95,95.sdf,Guaiacol,460,3D,COC1=CC=CC=C1O,COC1=CC=CC=C1O
96,96.sdf,alpha-Farnesene,5281516,3D,CC(=CCCC(=CCC=C(C)C=C)C)C,CC(=CCC/C(=C/C/C=C(\C)/C=C)/C)C
97,97.sdf,Longifolene,1796220,3D,CC1(CCCC2(C3C1C(C2=C)CC3)C)C,C[C@]12CCCC([C@@H]3[C@H]1CC[C@@H]3C2=C)(C)C
98,98.sdf,alpha-Cedrene,6431015,3D,CC1CCC2C13CC=C(C(C3)C2(C)C)C,C[C@@H]1CC[C@@H]2[C@]13CC=C([C@H](C3)C2(C)C)C
99,99.sdf,Viridiflorol,11996452,3D,CC1CCC2C1C3C(C3(C)C)CCC2(C)O,C[C@@H]1CC[C@H]2[C@@H]1[C@H]3[C@H](C3(C)C)CC[C@]2(C)O
100,100.sdf,Berberine,2353,3D,COC1=C(C2=C[N+]3=C(C=C2C=C1)C4=CC5=C(C=C4CC3)OCO5)OC,COC1=C(C2=C[N+]3=C(C=C2C=C1)C4=CC5=C(C=C4CC3)OCO5)OC
